8662754;Overlay holder, grey          ;20;1200;508564523
8662775;Electrical box upper cover    ;20;408;508564523
8662776;Electrical box lower cover    ;20;408;508564523
8663750;Emergency stop w. print       ;20;500;509099131
8663957;Seal front cover;20;500;509099131
8664044;Silicone seal emergency stop;20;500;509099131
8356689;Bellow plate                  ;20;200;354060337
8443289;Cover bracket                 ;15;300;354060337
8450534;Arm                           ;15;400;354060337
8451284;Fixation plate                ;15;200;354060337
8451361;Spacer                        ;20;150;354060337
8451407;Washer                        ;20;2000;354060337
8452772;Microswitch bracket           ;25;500;354060337
8460803;Lock plate                    ;20;200;354060337
8663390;Protection plate              ;15;300;354060337
8662100;Safety belt Alenti            ;20;400;353949852
8662102;Safety belt Calypso, Combi    ;20;100;353949852
8662104;Safety belt Carendo, Prelude  ;20;100;353949852
8662105;Safety belt Walker, back      ;20;100;353949852
8662611;Safety belt Carino            ;20;150;353949852
8663449;Mattress flat welded, blue    ;20;100;353949852
8663465;Pillow complete, blue         ;20;100;353949852
8664556;Pillow complete, blue         ;20;100;353949852
6270108;Hose, Transparent 6x1,5       ;10;150;632393864
6270169;Compressed air hose           ;10;200;632393864
6270347;Hose PVC 12x16mm              ;20;150;632393864
6306155;Silicone rubber hose 2x1,0x4  ;20;300;632393864
6315009;Silicone rubber hose, 2,5x1,5 ;20;300;632393864
6319445;Hose clamp 14.3-16.8 mm       ;20;200;632393864
8443888;Rubber for washer             ;20;150;632393864
6371042;Dsub-bracket, KKX11370.0      ;80;10000;658654079
8253047;Cover, right                  ;80;1000;658654079
8253048;Cover, left                   ;80;1000;658654079
8353037;Worm gear                     ;80;1000;658654079
8353040;Gear box housing right        ;80;200;658654079
8353046;Gear box housing left         ;80;200;658654079
8357480;Cable motor, right            ;20;100;356462309
8357481;Cable motor, left             ;20;100;356462309
8358597;Powered DPS, Loom 3           ;15;200;356462309
8358598;Powered DPS, Loom 2           ;15;200;356462309
8358599;Powered DPS, Loom 1           ;15;200;356462309
8358603;Bridge connector              ;15;200;356462309
8358604;Battery wire                  ;15;200;356462309
8359441;Harness, handset              ;20;150;356462309
8359443;Cable microswitch             ;15;100;356462309
8359836;Socket wire assy              ;25;200;356462309
8243314;Cable microswitch             ;20;300;310285267
8342737;Cable actuator/brake          ;20;100;310285267
8343313;Cable, Miranti                ;20;150;310285267
8361410;Handset connector with LED    ;20;100;310285267
8361423;Leg loom 2                    ;20;200;310285267
8443122;Cable microswitch             ;20;300;310285267
8443123;Cable actuator                ;20;300;310285267
8451068;Cabling, battery              ;20;300;310285267
8458622;Socket                        ;20;250;310285267
8461618;Cable LED-harness             ;20;250;310285267
8663186;NST cable assy right          ;20;250;310285267
8663188;NST Board to Board cable assy ;20;200;310285267
8663189;NST cable assy left           ;20;10;310285267
8663210;NST cable assy central        ;20;10;310285267
8663477;Cable assy simple central     ;20;10;310285267
8663478;Cable assy simple l&r         ;20;10;310285267
8359770;Guide piece                   ;25;2000;354252520
8460842;Guide roll                    ;20;2000;354252520
8460843;Support roll                  ;20;2000;354252520
8142681;Electrical cover, grey        ;25;468;354252520
8143269;Winch cover                   ;25;154;354252520
8242696;Cover, blue                   ;25;200;354252520
8359345;Electrical cover              ;25;100;354252520
8360306;Electrical cover assembly     ;25;100;354252520
8360821;Cover back with sealing light ;25;208;354252520
8360822;Cover front with sealing light;25;184;354252520
8361233;Spring Housing, Left Half     ;20;750;354252520
8361234;Spring Housing, Right Half    ;20;750;354252520
8443113;Pillar cover, blue            ;25;200;354252520
8662756;Drainage plug, grey           ;20;900;354252520
8662936;Upper bearing, black          ;20;910;354252520
8662977;Cover side support            ;20;2000;354252520
8662980;Flexible hip part, grey       ;20;240;354252520
8355903;Channel                       ;20;200;774456474
8123945;Cover, dark blue              ;20;250;774456474
8161891;Cover dark blue               ;20;250;774456474
8224236;Lid, dark blue                ;20;15;774456474
8256938;Cover dark blue               ;20;15;774456474
8361690;Extension cover               ;25;100;354080244
8408696;Washer, 38/8,5x5              ;25;1000;354080244
8420347;Pump piston                   ;25;300;354080244
8421055;Sliding ring,(made of 3-20725);25;500;354080244
8421124;Ejector                       ;20;100;354080244
8421735;Spacer                        ;20;300;354080244
8421764;Stop                          ;25;100;354080244
8422059;Guide piece                   ;25;400;354080244
8423139;Mounting plate                ;15;100;354080244
8423546;Oil plug                      ;25;500;354080244
8423966;Spacer                        ;25;250;354080244
8425485;Washer, 38/8,5x4              ;25;1000;354080244
8450394;Bushing, arm                  ;25;1000;354080244
8454792;Mounting plate                ;20;50;354080244
8459511;Friction brake                ;25;1000;354080244
8460378;Spacer battery rail           ;25;500;354080244
8460498;Spacer                        ;25;600;354080244
8460627;Knob                          ;25;600;354080244
8460736;Spacer washer                 ;25;800;354080244
8460820;Bushing housing               ;25;200;354080244
8460844;Cut-off roll                  ;25;600;354080244
8662661;Spacer without groove         ;25;500;354080244
8663736;Bush microswitch              ;20;250;354080244
6306104;Plastic bushing KGLM-10       ;20;1000;354823270
6306110;Bushing, Iglidur XSM-1416-12  ;20;1000;354823270
6306111;Bushing, Iglidur GSM-1012-15  ;5;1000;354823270
6306148;Bushing  IGUS Iglidur GSM-1011;20;1000;354823270
6306149;Bushing IGUS Iglidur GSM-1011-;20;1000;354823270
6306153;Flange bushing GFM-0809-08    ;15;100;354823270
6306174;Slide bushing 7x8x12          ;14;500;354823270
6100510;A4 - M6S ISO 4017 M5 x 10 ? 80;5;200;356425926
6100550;A4 - M6S ISO 4014 M5 x 50 ? 80;5;1400;356425926
6100612;A4 - M6S ISO 4017 M6 x 12 ? 80;5;400;356425926
6100616;A4 - M6S ISO 4017 M6 x 16 ? 80;5;600;356425926
6100620;A4 - M6S ISO 4017 M6 x 20 ? 80;5;800;356425926
6100625;A4 - M6S ISO 4017 M6 x 25 ? 80;5;400;356425926
6100630;A4 - M6S ISO 4014 M6 x 30 ? 80;5;1400;356425926
6100640;A4 - M6S ISO 4014 M6 x 40 ? 80;5;600;356425926
6100645;A4 - M6S ISO 4014 M6 x 45 ? 80;25;600;356425926
6100816;A4 - M6S ISO 4017 M8 x 16 - 80;5;1000;356425926
6100820;A4 - M6S ISO 4017 M8 x 20 - 80;5;1200;356425926
6100825;A4 - M6S ISO 4017 M8 x 25 - 80;5;200;356425926
6100830;A4 - M6S ISO 4017 M8 x 30 - 80;5;400;356425926
6100891;DACRO M6S ISO 4014 M8 x 140 ? ;25;1500;356425926
6100892;Dacro M6S ISO 4017 M8x40 -10.9;5;1000;356425926
6101225;A4 M6S ISO 4017 M12 x 25 ? 80 ;5;100;356425926
6101230;A4 - M6S ISO 4017 M12 x 30 ?80;5;200;356425926
6120310;A4 MCS ISO 1207 M3x10-80      ;10;1000;356425926
6120318;A4 MCS ISO 1207 M3x18-80      ;5;500;356425926
6131031;A4 MC6S ISO 4762 M10x30?80 (W);15;500;356425926
6151090;Deltatone MF6S ISO10642 M10x90;5;500;356425926
6190511;A4 ? MRT-TT ISO 14583 M6 x 25 ;10;100;356425926
6190542;A4 RX PT 4-20x10              ;10;2000;356425926
6200186;A2 DIN988 12x18x0,2           ;10;100;356425926
8259726;Fork                          ;20;500;355550831
8443307;Knob                          ;15;500;355550831
8450395;Carrier shaft                 ;20;500;355550831
6262464;O-ring EPDM-70Sh 43 x 3       ;20;500;356425926
6301198;Cable tie with edge clamp     ;20;500;356425926
6303150;Damper M6x20 D25 Type S Stain-;15;250;356425926
6306175;Slide bushing 10x14x20 D=10   ;5;1000;356425926
6310124;Carabiner black 50/6, nylon   ;10;50;356425926
6316320;A1 CP ISO 2338 5 x 28 ? H8    ;20;100;356425926
6319561;Hose clamp 32-52mm,W=8mm, SS  ;15;200;356425926
6320248;Double adh. tape 5952F, w=25mm;5;99;356425926
6950702;Double adh. tape 5925F, w=19mm;5;33;356425926
8451301;Seal                          ;20;500;356425926
8461232;Friction disc                 ;40;500;356425926
8542204;Screw kit                     ;5;200;356425926
